[
  {
    "id": 1,
    "priority": 1,
    "action": {
      "type": "block"
    },
    "condition": {
      "urlFilter": "||googlesyndication.com",
      "resourceTypes": ["main_frame", "sub_frame", "script", "image", "xmlhttprequest"]
    }
  },
  {
    "id": 2,
    "priority": 1,
    "action": {
      "type": "block"
    },
    "condition": {
      "urlFilter": "||doubleclick.net",
      "resourceTypes": ["main_frame", "sub_frame", "script", "image", "xmlhttprequest"]
    }
  },
  {
    "id": 3,
    "priority": 1,
    "action": {
      "type": "block"
    },
    "condition": {
      "urlFilter": "||google-analytics.com",
      "resourceTypes": ["script", "xmlhttprequest"]
    }
  },
  {
    "id": 4,
    "priority": 1,
    "action": {
      "type": "block"
    },
    "condition": {
      "urlFilter": "||googleadservices.com",
      "resourceTypes": ["main_frame", "sub_frame", "script", "xmlhttprequest"]
    }
  },
  {
    "id": 5,
    "priority": 1,
    "action": {
      "type": "block"
    },
    "condition": {
      "urlFilter": "||adservice.google.com",
      "resourceTypes": ["main_frame", "sub_frame", "script", "xmlhttprequest"]
    }
  },
  {
    "id": 6,
    "priority": 1,
    "action": {
      "type": "block"
    },
    "condition": {
      "urlFilter": "||criteo.com",
      "resourceTypes": ["script", "image", "xmlhttprequest"]
    }
  },
  {
    "id": 7,
    "priority": 1,
    "action": {
      "type": "block"
    },
    "condition": {
      "urlFilter": "||pubmatic.com",
      "resourceTypes": ["main_frame", "sub_frame", "script", "xmlhttprequest"]
    }
  },
  {
    "id": 8,
    "priority": 1,
    "action": {
      "type": "block"
    },
    "condition": {
      "urlFilter": "||adnxs.com",
      "resourceTypes": ["main_frame", "sub_frame", "script", "xmlhttprequest"]
    }
  },
  {
    "id": 9,
    "priority": 1,
    "action": {
      "type": "block"
    },
    "condition": {
      "urlFilter": "||cdn.jsdelivr.net/gh/corover/assets",
      "resourceTypes": ["image", "sub_frame"]
    }
  },
  {
    "id": 10,
    "priority": 1,
    "action": {
      "type": "block"
    },
    "condition": {
      "urlFilter": "||adgebra.net",
      "resourceTypes": ["main_frame", "sub_frame", "script", "image", "xmlhttprequest"]
    }
  },
  {
    "id": 11,
    "priority": 1,
    "action": {
      "type": "modifyHeaders",
      "requestHeaders": [
        { "header": "x-requested-with", "operation": "set", "value": "XMLHttpRequest" }
      ]
    },
    "condition": {
      "urlFilter": "*://*.irctc.co.in/eticketing/protected/*",
      "resourceTypes": ["xmlhttprequest"]
    }
}
]